maturity_rating,episodes_title,url,viewable_runtime,is_movie,provider_original,series_source_id,source_id,original_language,bot_country,provider_release_date,provider_cease_date,bot_system,offer_type,episode_url,series_title,series_url,episode_number,season_number
TV-MA,Fly Like an Eagle,\/shows\/claws\/season-3\/episode-6\/fly-like-an-eagle,2745.5095,episode,https:\/\/i.cdn.tntdrama.com\/assets\/images\/2019\/05\/Claws-Logo-900x360.png,2094392,2189982,en,US,2020-04-15T08:00:00+00:00,2020-04-22T07:59:59+00:00,TNTDRAMA,TVE,http:\/\/www.tntdrama.com\/shows\/claws\/season-3\/episode-6\/fly-like-an-eagle,Claws,http:\/\/www.tntdrama.com\/shows\/claws,6,3
TV-MA,Chicken P***Y,\/shows\/claws\/season-3\/episode-7\/chicken-py,2769.0661,episode,https:\/\/i.cdn.tntdrama.com\/assets\/images\/2019\/05\/Claws-Logo-900x360.png,2094392,2189983,en,US,2020-04-15T08:00:00+00:00,2020-04-22T07:59:59+00:00,TNTDRAMA,TVE,http:\/\/www.tntdrama.com\/shows\/claws\/season-3\/episode-7\/chicken-py,Claws,http:\/\/www.tntdrama.com\/shows\/claws,7,3
TV-MA,What is Happening to America,\/shows\/claws\/season-3\/episode-8\/what-is-happening-to-america,2644.5753,episode,https:\/\/i.cdn.tntdrama.com\/assets\/images\/2019\/05\/Claws-Logo-900x360.png,2094392,2189984,en,US,2020-04-15T08:00:00+00:00,2020-04-22T07:59:59+00:00,TNTDRAMA,TVE,http:\/\/www.tntdrama.com\/shows\/claws\/season-3\/episode-8\/what-is-happening-to-america,Claws,http:\/\/www.tntdrama.com\/shows\/claws,8,3
TV-MA,Melba Toast,\/shows\/claws\/season-3\/episode-9\/melba-toast,2703.5008,episode,https:\/\/i.cdn.tntdrama.com\/assets\/images\/2019\/05\/Claws-Logo-900x360.png,2094392,2189985,en,US,2020-04-15T08:00:00+00:00,2020-04-22T07:59:59+00:00,TNTDRAMA,TVE,http:\/\/www.tntdrama.com\/shows\/claws\/season-3\/episode-9\/melba-toast,Claws,http:\/\/www.tntdrama.com\/shows\/claws,9,3
TV-MA,Finna,\/shows\/claws\/season-3\/episode-10\/finna,2753.0502,episode,https:\/\/i.cdn.tntdrama.com\/assets\/images\/2019\/05\/Claws-Logo-900x360.png,2094392,2189986,en,US,2020-04-15T08:00:00+00:00,2020-04-22T07:59:59+00:00,TNTDRAMA,TVE,http:\/\/www.tntdrama.com\/shows\/claws\/season-3\/episode-10\/finna,Claws,http:\/\/www.tntdrama.com\/shows\/claws,10,3
TV-MA,The Play's the Thing,\/shows\/will\/season-1\/episode-1\/the-plays-the-thing,3673.6366,episode,https:\/\/i.cdn.tntdrama.com\/assets\/images\/2018\/06\/TNT-Originals-Will_900x360.png,2063888,2063889,en,US,2020-04-02T08:00:00+00:00,2020-05-01T07:59:59+00:00,TNTDRAMA,TVE,http:\/\/www.tntdrama.com\/shows\/will\/season-1\/episode-1\/the-plays-the-thing,Will,http:\/\/www.tntdrama.com\/shows\/will,1,1
TV-MA,Cowards Die Many Times,\/shows\/will\/season-1\/episode-2\/cowards-die-many-times,3194.4246,episode,https:\/\/i.cdn.tntdrama.com\/assets\/images\/2018\/06\/TNT-Originals-Will_900x360.png,2063888,2063890,en,US,2020-04-02T08:00:00+00:00,2020-05-01T07:59:59+00:00,TNTDRAMA,TVE,http:\/\/www.tntdrama.com\/shows\/will\/season-1\/episode-2\/cowards-die-many-times,Will,http:\/\/www.tntdrama.com\/shows\/will,2,1
TV-MA,The Two Gentlemen,\/shows\/will\/season-1\/episode-3\/the-two-gentlemen,3094.992,episode,https:\/\/i.cdn.tntdrama.com\/assets\/images\/2018\/06\/TNT-Originals-Will_900x360.png,2063888,2063891,en,US,2020-04-02T08:00:00+00:00,2020-05-01T07:59:59+00:00,TNTDRAMA,TVE,http:\/\/www.tntdrama.com\/shows\/will\/season-1\/episode-3\/the-two-gentlemen,Will,http:\/\/www.tntdrama.com\/shows\/will,3,1
TV-MA,Brave New World,\/shows\/will\/season-1\/episode-4\/brave-new-world,3154,episode,https:\/\/i.cdn.tntdrama.com\/assets\/images\/2018\/06\/TNT-Originals-Will_900x360.png,2063888,2063892,en,US,2020-04-02T08:00:00+00:00,2020-05-01T07:59:59+00:00,TNTDRAMA,TVE,http:\/\/www.tntdrama.com\/shows\/will\/season-1\/episode-4\/brave-new-world,Will,http:\/\/www.tntdrama.com\/shows\/will,4,1
TV-MA,The Marriage of True Minds,\/shows\/will\/season-1\/episode-5\/the-marriage-of-True-minds,3102.3326,episode,https:\/\/i.cdn.tntdrama.com\/assets\/images\/2018\/06\/TNT-Originals-Will_900x360.png,2063888,2063893,en,US,2020-04-02T08:00:00+00:00,2020-05-01T07:59:59+00:00,TNTDRAMA,TVE,http:\/\/www.tntdrama.com\/shows\/will\/season-1\/episode-5\/the-marriage-of-True-minds,Will,http:\/\/www.tntdrama.com\/shows\/will,5,1
TV-MA,Something Wicked This Way Comes.,\/shows\/will\/season-1\/episode-6\/something-wicked-this-way-comes,3225.0551,episode,https:\/\/i.cdn.tntdrama.com\/assets\/images\/2018\/06\/TNT-Originals-Will_900x360.png,2063888,2063894,en,US,2020-04-02T08:00:00+00:00,2020-05-01T07:59:59+00:00,TNTDRAMA,TVE,http:\/\/www.tntdrama.com\/shows\/will\/season-1\/episode-6\/something-wicked-this-way-comes,Will,http:\/\/www.tntdrama.com\/shows\/will,6,1
TV-MA,What Dreams May Come,\/shows\/will\/season-1\/episode-7\/what-dreams-may-come,2931.5953,episode,https:\/\/i.cdn.tntdrama.com\/assets\/images\/2018\/06\/TNT-Originals-Will_900x360.png,2063888,2063895,en,US,2020-04-02T08:00:00+00:00,2020-05-01T07:59:59+00:00,TNTDRAMA,TVE,http:\/\/www.tntdrama.com\/shows\/will\/season-1\/episode-7\/what-dreams-may-come,Will,http:\/\/www.tntdrama.com\/shows\/will,7,1
TV-MA,Your Houses,\/shows\/will\/season-1\/episode-8\/your-houses,3036.4,episode,https:\/\/i.cdn.tntdrama.com\/assets\/images\/2018\/06\/TNT-Originals-Will_900x360.png,2063888,2063896,en,US,2020-04-02T08:00:00+00:00,2020-05-01T07:59:59+00:00,TNTDRAMA,TVE,http:\/\/www.tntdrama.com\/shows\/will\/season-1\/episode-8\/your-houses,Will,http:\/\/www.tntdrama.com\/shows\/will,8,1
TV-MA,Play the Devil,\/shows\/will\/season-1\/episode-9\/play-the-devil,2951.6487,episode,https:\/\/i.cdn.tntdrama.com\/assets\/images\/2018\/06\/TNT-Originals-Will_900x360.png,2063888,2063897,en,US,2020-04-02T08:00:00+00:00,2020-05-01T07:59:59+00:00,TNTDRAMA,TVE,http:\/\/www.tntdrama.com\/shows\/will\/season-1\/episode-9\/play-the-devil,Will,http:\/\/www.tntdrama.com\/shows\/will,9,1
TV-MA,"Once, Bright Angel",\/shows\/will\/season-1\/episode-10\/once-bright-angel,3165.5958,episode,https:\/\/i.cdn.tntdrama.com\/assets\/images\/2018\/06\/TNT-Originals-Will_900x360.png,2063888,2063898,en,US,2020-04-02T08:00:00+00:00,2020-05-01T07:59:59+00:00,TNTDRAMA,TVE,http:\/\/www.tntdrama.com\/shows\/will\/season-1\/episode-10\/once-bright-angel,Will,http:\/\/www.tntdrama.com\/shows\/will,10,1
TV-MA-LS,French Fries,\/shows\/shatterbox\/season-1\/episode-1\/french-fries,890,episode,https:\/\/i.cdn.tntdrama.com\/assets\/images\/2018\/09\/ShatterboxV5-900x360.png,2142240,2142242,en,US,2020-04-02T08:00:00+00:00,2020-12-31T09:59:59+00:00,TNTDRAMA,FREE,http:\/\/www.tntdrama.com\/shows\/shatterbox\/season-1\/episode-1\/french-fries,Shatterbox,http:\/\/www.tntdrama.com\/shows\/shatterbox,1,1
TV-14,One Cambodian Family Please for My Pleasure,\/shows\/shatterbox\/season-1\/episode-2\/one-cambodian-family-please-for-my-pleasure,751.7844,episode,https:\/\/i.cdn.tntdrama.com\/assets\/images\/2018\/09\/ShatterboxV5-900x360.png,2142240,2142244,en,US,2020-04-02T08:00:00+00:00,2020-12-31T09:59:59+00:00,TNTDRAMA,FREE,http:\/\/www.tntdrama.com\/shows\/shatterbox\/season-1\/episode-2\/one-cambodian-family-please-for-my-pleasure,Shatterbox,http:\/\/www.tntdrama.com\/shows\/shatterbox,2,1
TV-14,X,\/shows\/shatterbox\/season-1\/episode-3\/x,796.8294,episode,https:\/\/i.cdn.tntdrama.com\/assets\/images\/2018\/09\/ShatterboxV5-900x360.png,2142240,2142245,en,US,2020-04-02T08:00:00+00:00,2020-12-31T09:59:59+00:00,TNTDRAMA,FREE,http:\/\/www.tntdrama.com\/shows\/shatterbox\/season-1\/episode-3\/x,Shatterbox,http:\/\/www.tntdrama.com\/shows\/shatterbox,3,1
TV-14,The Godmother,\/shows\/shatterbox\/season-1\/episode-4\/the-godmother,519.9194,episode,https:\/\/i.cdn.tntdrama.com\/assets\/images\/2018\/09\/ShatterboxV5-900x360.png,2142240,2143041,en,US,2020-04-02T08:00:00+00:00,2020-12-31T09:59:59+00:00,TNTDRAMA,FREE,http:\/\/www.tntdrama.com\/shows\/shatterbox\/season-1\/episode-4\/the-godmother,Shatterbox,http:\/\/www.tntdrama.com\/shows\/shatterbox,4,1
TV-MA,Are You Still Singing?,\/shows\/shatterbox\/season-1\/episode-5\/are-you-still-singing,695,episode,https:\/\/i.cdn.tntdrama.com\/assets\/images\/2018\/09\/ShatterboxV5-900x360.png,2142240,2142243,en,US,2020-04-02T08:00:00+00:00,2020-12-31T09:59:59+00:00,TNTDRAMA,FREE,http:\/\/www.tntdrama.com\/shows\/shatterbox\/season-1\/episode-5\/are-you-still-singing,Shatterbox,http:\/\/www.tntdrama.com\/shows\/shatterbox,5,1
TV-14,Curated,\/shows\/shatterbox\/season-1\/episode-6\/curated,612.7788,episode,https:\/\/i.cdn.tntdrama.com\/assets\/images\/2018\/09\/ShatterboxV5-900x360.png,2142240,2166548,en,US,2020-04-02T08:00:00+00:00,2020-12-31T09:59:59+00:00,TNTDRAMA,FREE,http:\/\/www.tntdrama.com\/shows\/shatterbox\/season-1\/episode-6\/curated,Shatterbox,http:\/\/www.tntdrama.com\/shows\/shatterbox,6,1
TV-MA,End of the Line,\/shows\/shatterbox\/season-1\/episode-7\/end-of-the-line,827,episode,https:\/\/i.cdn.tntdrama.com\/assets\/images\/2018\/09\/ShatterboxV5-900x360.png,2142240,2142241,en,US,2020-04-02T08:00:00+00:00,2020-12-31T09:59:59+00:00,TNTDRAMA,FREE,http:\/\/www.tntdrama.com\/shows\/shatterbox\/season-1\/episode-7\/end-of-the-line,Shatterbox,http:\/\/www.tntdrama.com\/shows\/shatterbox,7,1
TV-14,CTRL,\/shows\/shatterbox\/season-1\/episode-8\/ctrl,342.8425,episode,https:\/\/i.cdn.tntdrama.com\/assets\/images\/2018\/09\/ShatterboxV5-900x360.png,2142240,2165770,en,US,2020-04-02T08:00:00+00:00,2020-12-31T09:59:59+00:00,TNTDRAMA,FREE,http:\/\/www.tntdrama.com\/shows\/shatterbox\/season-1\/episode-8\/ctrl,Shatterbox,http:\/\/www.tntdrama.com\/shows\/shatterbox,8,1
TV-MA,Janine,\/shows\/animal-kingdom\/season-4\/episode-1\/janine,2758.8895,episode,https:\/\/i.cdn.tntdrama.com\/assets\/images\/2019\/04\/AnimalKingdom-Logo%2BTNTOriginal-900x360_0.png,2063877,2172503,en,US,2020-04-17T08:00:00+00:00,2020-04-24T07:59:59+00:00,TNTDRAMA,TVE,http:\/\/www.tntdrama.com\/shows\/animal-kingdom\/season-4\/episode-1\/janine,Animal Kingdom,http:\/\/www.tntdrama.com\/shows\/animal-kingdom,1,4
TV-MA,Angela,\/shows\/animal-kingdom\/season-4\/episode-2\/angela,2753.0502,episode,https:\/\/i.cdn.tntdrama.com\/assets\/images\/2019\/04\/AnimalKingdom-Logo%2BTNTOriginal-900x360_0.png,2063877,2172504,en,US,2020-04-17T08:00:00+00:00,2020-04-24T07:59:59+00:00,TNTDRAMA,TVE,http:\/\/www.tntdrama.com\/shows\/animal-kingdom\/season-4\/episode-2\/angela,Animal Kingdom,http:\/\/www.tntdrama.com\/shows\/animal-kingdom,2,4
TV-MA,Man vs. Rock,\/shows\/animal-kingdom\/season-4\/episode-3\/man-vs-rock,2705.2692,episode,https:\/\/i.cdn.tntdrama.com\/assets\/images\/2019\/04\/AnimalKingdom-Logo%2BTNTOriginal-900x360_0.png,2063877,2172505,en,US,2020-04-17T08:00:00+00:00,2020-04-24T07:59:59+00:00,TNTDRAMA,TVE,http:\/\/www.tntdrama.com\/shows\/animal-kingdom\/season-4\/episode-3\/man-vs-rock,Animal Kingdom,http:\/\/www.tntdrama.com\/shows\/animal-kingdom,3,4
TV-MA,Tank,\/shows\/animal-kingdom\/season-4\/episode-4\/tank,2809.3399,episode,https:\/\/i.cdn.tntdrama.com\/assets\/images\/2019\/04\/AnimalKingdom-Logo%2BTNTOriginal-900x360_0.png,2063877,2172506,en,US,2020-04-17T08:00:00+00:00,2020-04-24T07:59:59+00:00,TNTDRAMA,TVE,http:\/\/www.tntdrama.com\/shows\/animal-kingdom\/season-4\/episode-4\/tank,Animal Kingdom,http:\/\/www.tntdrama.com\/shows\/animal-kingdom,4,4
TV-MA,Reap,\/shows\/animal-kingdom\/season-4\/episode-5\/reap,2750.6479,episode,https:\/\/i.cdn.tntdrama.com\/assets\/images\/2019\/04\/AnimalKingdom-Logo%2BTNTOriginal-900x360_0.png,2063877,2172507,en,US,2020-04-17T08:00:00+00:00,2020-04-24T07:59:59+00:00,TNTDRAMA,TVE,http:\/\/www.tntdrama.com\/shows\/animal-kingdom\/season-4\/episode-5\/reap,Animal Kingdom,http:\/\/www.tntdrama.com\/shows\/animal-kingdom,5,4
TV-MA,The Boy on the Bridge,\/shows\/the-alienist\/season-1\/episode-1\/the-boy-on-the-bridge,2899.1297,episode,https:\/\/i.cdn.tntdrama.com\/assets\/images\/2018\/06\/TNT-Originals-Alienist_900x360.png,2066250,2066251,en,US,2020-04-02T08:00:00+00:00,2020-05-01T07:59:59+00:00,TNTDRAMA,FREE,http:\/\/www.tntdrama.com\/shows\/the-alienist\/season-1\/episode-1\/the-boy-on-the-bridge,The Alienist,http:\/\/www.tntdrama.com\/shows\/the-alienist,1,1
TV-MA,A Fruitful Partnership,\/shows\/the-alienist\/season-1\/episode-2\/a-fruitful-partnership,2828.459,episode,https:\/\/i.cdn.tntdrama.com\/assets\/images\/2018\/06\/TNT-Originals-Alienist_900x360.png,2066250,2066252,en,US,2020-04-02T08:00:00+00:00,2020-05-01T07:59:59+00:00,TNTDRAMA,FREE,http:\/\/www.tntdrama.com\/shows\/the-alienist\/season-1\/episode-2\/a-fruitful-partnership,The Alienist,http:\/\/www.tntdrama.com\/shows\/the-alienist,2,1
TV-MA,Silver Smile,\/shows\/the-alienist\/season-1\/episode-3\/silver-smile,2636.6675,episode,https:\/\/i.cdn.tntdrama.com\/assets\/images\/2018\/06\/TNT-Originals-Alienist_900x360.png,2066250,2066253,en,US,2020-04-02T08:00:00+00:00,2020-05-01T07:59:59+00:00,TNTDRAMA,FREE,http:\/\/www.tntdrama.com\/shows\/the-alienist\/season-1\/episode-3\/silver-smile,The Alienist,http:\/\/www.tntdrama.com\/shows\/the-alienist,3,1
TV-MA,These Bloody Thoughts,\/shows\/the-alienist\/season-1\/episode-4\/these-bloody-thoughts,2852.6165,episode,https:\/\/i.cdn.tntdrama.com\/assets\/images\/2018\/06\/TNT-Originals-Alienist_900x360.png,2066250,2066254,en,US,2020-04-02T08:00:00+00:00,2020-05-01T07:59:59+00:00,TNTDRAMA,FREE,http:\/\/www.tntdrama.com\/shows\/the-alienist\/season-1\/episode-4\/these-bloody-thoughts,The Alienist,http:\/\/www.tntdrama.com\/shows\/the-alienist,4,1
TV-MA,Hildebrandt's Starling,\/shows\/the-alienist\/season-1\/episode-5\/hildebrandts-starling,2860.8246,episode,https:\/\/i.cdn.tntdrama.com\/assets\/images\/2018\/06\/TNT-Originals-Alienist_900x360.png,2066250,2066255,en,US,2020-04-02T08:00:00+00:00,2020-05-01T07:59:59+00:00,TNTDRAMA,FREE,http:\/\/www.tntdrama.com\/shows\/the-alienist\/season-1\/episode-5\/hildebrandts-starling,The Alienist,http:\/\/www.tntdrama.com\/shows\/the-alienist,5,1
TV-MA,Ascension,\/shows\/the-alienist\/season-1\/episode-6\/ascension,2701.2652,episode,https:\/\/i.cdn.tntdrama.com\/assets\/images\/2018\/06\/TNT-Originals-Alienist_900x360.png,2066250,2066256,en,US,2020-04-02T08:00:00+00:00,2020-05-01T07:59:59+00:00,TNTDRAMA,FREE,http:\/\/www.tntdrama.com\/shows\/the-alienist\/season-1\/episode-6\/ascension,The Alienist,http:\/\/www.tntdrama.com\/shows\/the-alienist,6,1
TV-MA,Many Sainted Men,\/shows\/the-alienist\/season-1\/episode-7\/many-sainted-men,2897.4946,episode,https:\/\/i.cdn.tntdrama.com\/assets\/images\/2018\/06\/TNT-Originals-Alienist_900x360.png,2066250,2066257,en,US,2020-04-02T08:00:00+00:00,2020-05-01T07:59:59+00:00,TNTDRAMA,FREE,http:\/\/www.tntdrama.com\/shows\/the-alienist\/season-1\/episode-7\/many-sainted-men,The Alienist,http:\/\/www.tntdrama.com\/shows\/the-alienist,7,1
TV-MA,Psychopathia Sexualis,\/shows\/the-alienist\/season-1\/episode-8\/psychopathia-sexualis,2565.9968,episode,https:\/\/i.cdn.tntdrama.com\/assets\/images\/2018\/06\/TNT-Originals-Alienist_900x360.png,2066250,2066258,en,US,2020-04-02T08:00:00+00:00,2020-05-01T07:59:59+00:00,TNTDRAMA,FREE,http:\/\/www.tntdrama.com\/shows\/the-alienist\/season-1\/episode-8\/psychopathia-sexualis,The Alienist,http:\/\/www.tntdrama.com\/shows\/the-alienist,8,1
TV-MA,Requiem,\/shows\/the-alienist\/season-1\/episode-9\/requiem,2890.1874,episode,https:\/\/i.cdn.tntdrama.com\/assets\/images\/2018\/06\/TNT-Originals-Alienist_900x360.png,2066250,2066259,en,US,2020-04-02T08:00:00+00:00,2020-05-01T07:59:59+00:00,TNTDRAMA,FREE,http:\/\/www.tntdrama.com\/shows\/the-alienist\/season-1\/episode-9\/requiem,The Alienist,http:\/\/www.tntdrama.com\/shows\/the-alienist,9,1
TV-MA,Castle in the Sky,\/shows\/the-alienist\/season-1\/episode-10\/castle-in-the-sky,3450.1466,episode,https:\/\/i.cdn.tntdrama.com\/assets\/images\/2018\/06\/TNT-Originals-Alienist_900x360.png,2066250,2066260,en,US,2020-04-02T08:00:00+00:00,2020-05-01T07:59:59+00:00,TNTDRAMA,FREE,http:\/\/www.tntdrama.com\/shows\/the-alienist\/season-1\/episode-10\/castle-in-the-sky,The Alienist,http:\/\/www.tntdrama.com\/shows\/the-alienist,10,1
TV-14,One Good Man,\/shows\/ncis-new-orleans\/season-3\/episode-6\/one-good-man,2525.156,episode,https:\/\/i.cdn.tntdrama.com\/assets\/images\/2017\/12\/NCIS-NewOrleans-900x360_0.png,2143915,2143993,en,US,2020-04-17T08:00:00+00:00,2020-04-24T07:59:59+00:00,TNTDRAMA,TVE,http:\/\/www.tntdrama.com\/shows\/ncis-new-orleans\/season-3\/episode-6\/one-good-man,NCIS: New Orleans,http:\/\/www.tntdrama.com\/shows\/ncis-new-orleans,6,3
TV-14,Outlaws,\/shows\/ncis-new-orleans\/season-3\/episode-7\/outlaws,2522.8204,episode,https:\/\/i.cdn.tntdrama.com\/assets\/images\/2017\/12\/NCIS-NewOrleans-900x360_0.png,2143915,2143994,en,US,2020-04-17T08:00:00+00:00,2020-04-24T07:59:59+00:00,TNTDRAMA,TVE,http:\/\/www.tntdrama.com\/shows\/ncis-new-orleans\/season-3\/episode-7\/outlaws,NCIS: New Orleans,http:\/\/www.tntdrama.com\/shows\/ncis-new-orleans,7,3
TV-14,Music to My Ears,\/shows\/ncis-new-orleans\/season-3\/episode-8\/music-to-my-ears,2524.7889,episode,https:\/\/i.cdn.tntdrama.com\/assets\/images\/2017\/12\/NCIS-NewOrleans-900x360_0.png,2143915,2143995,en,US,2020-04-17T08:00:00+00:00,2020-04-24T07:59:59+00:00,TNTDRAMA,TVE,http:\/\/www.tntdrama.com\/shows\/ncis-new-orleans\/season-3\/episode-8\/music-to-my-ears,NCIS: New Orleans,http:\/\/www.tntdrama.com\/shows\/ncis-new-orleans,8,3
TV-14,Overdrive,\/shows\/ncis-new-orleans\/season-3\/episode-9\/overdrive,2523.888,episode,https:\/\/i.cdn.tntdrama.com\/assets\/images\/2017\/12\/NCIS-NewOrleans-900x360_0.png,2143915,2143996,en,US,2020-04-17T08:00:00+00:00,2020-04-24T07:59:59+00:00,TNTDRAMA,TVE,http:\/\/www.tntdrama.com\/shows\/ncis-new-orleans\/season-3\/episode-9\/overdrive,NCIS: New Orleans,http:\/\/www.tntdrama.com\/shows\/ncis-new-orleans,9,3
TV-14,Follow the Money,\/shows\/ncis-new-orleans\/season-3\/episode-10\/follow-the-money,2524.9558,episode,https:\/\/i.cdn.tntdrama.com\/assets\/images\/2017\/12\/NCIS-NewOrleans-900x360_0.png,2143915,2143997,en,US,2020-04-17T08:00:00+00:00,2020-04-24T07:59:59+00:00,TNTDRAMA,TVE,http:\/\/www.tntdrama.com\/shows\/ncis-new-orleans\/season-3\/episode-10\/follow-the-money,NCIS: New Orleans,http:\/\/www.tntdrama.com\/shows\/ncis-new-orleans,10,3
TV-14,Let It Ride,\/shows\/ncis-new-orleans\/season-3\/episode-11\/let-it-ride,2524.7556,episode,https:\/\/i.cdn.tntdrama.com\/assets\/images\/2017\/12\/NCIS-NewOrleans-900x360_0.png,2143915,2143998,en,US,2020-04-17T08:00:00+00:00,2020-04-24T07:59:59+00:00,TNTDRAMA,TVE,http:\/\/www.tntdrama.com\/shows\/ncis-new-orleans\/season-3\/episode-11\/let-it-ride,NCIS: New Orleans,http:\/\/www.tntdrama.com\/shows\/ncis-new-orleans,11,3
TV-14,Hell on the High Water,\/shows\/ncis-new-orleans\/season-3\/episode-12\/hell-on-the-high-water,2415.6465,episode,https:\/\/i.cdn.tntdrama.com\/assets\/images\/2017\/12\/NCIS-NewOrleans-900x360_0.png,2143915,2143999,en,US,2020-04-17T08:00:00+00:00,2020-04-24T07:59:59+00:00,TNTDRAMA,TVE,http:\/\/www.tntdrama.com\/shows\/ncis-new-orleans\/season-3\/episode-12\/hell-on-the-high-water,NCIS: New Orleans,http:\/\/www.tntdrama.com\/shows\/ncis-new-orleans,12,3
TV-14,Return of the King,\/shows\/ncis-new-orleans\/season-3\/episode-13\/return-of-the-king,2524.9891,episode,https:\/\/i.cdn.tntdrama.com\/assets\/images\/2017\/12\/NCIS-NewOrleans-900x360_0.png,2143915,2144000,en,US,2020-04-17T08:00:00+00:00,2020-04-24T07:59:59+00:00,TNTDRAMA,TVE,http:\/\/www.tntdrama.com\/shows\/ncis-new-orleans\/season-3\/episode-13\/return-of-the-king,NCIS: New Orleans,http:\/\/www.tntdrama.com\/shows\/ncis-new-orleans,13,3
TV-14,"Pandora's Box, Part II",\/shows\/ncis-new-orleans\/season-3\/episode-14\/pandoras-box-part-ii,2411.5091,episode,https:\/\/i.cdn.tntdrama.com\/assets\/images\/2017\/12\/NCIS-NewOrleans-900x360_0.png,2143915,2144003,en,US,2020-04-17T08:00:00+00:00,2020-04-24T07:59:59+00:00,TNTDRAMA,TVE,http:\/\/www.tntdrama.com\/shows\/ncis-new-orleans\/season-3\/episode-14\/pandoras-box-part-ii,NCIS: New Orleans,http:\/\/www.tntdrama.com\/shows\/ncis-new-orleans,14,3
TV-14,End of the Line,\/shows\/ncis-new-orleans\/season-3\/episode-15\/end-of-the-line,2520.2845,episode,https:\/\/i.cdn.tntdrama.com\/assets\/images\/2017\/12\/NCIS-NewOrleans-900x360_0.png,2143915,2144001,en,US,2020-04-17T08:00:00+00:00,2020-04-24T07:59:59+00:00,TNTDRAMA,TVE,http:\/\/www.tntdrama.com\/shows\/ncis-new-orleans\/season-3\/episode-15\/end-of-the-line,NCIS: New Orleans,http:\/\/www.tntdrama.com\/shows\/ncis-new-orleans,15,3
TV-14,The Last Stand,\/shows\/ncis-new-orleans\/season-3\/episode-16\/the-last-stand,2510.8083,episode,https:\/\/i.cdn.tntdrama.com\/assets\/images\/2017\/12\/NCIS-NewOrleans-900x360_0.png,2143915,2144002,en,US,2020-04-17T08:00:00+00:00,2020-04-24T07:59:59+00:00,TNTDRAMA,TVE,http:\/\/www.tntdrama.com\/shows\/ncis-new-orleans\/season-3\/episode-16\/the-last-stand,NCIS: New Orleans,http:\/\/www.tntdrama.com\/shows\/ncis-new-orleans,16,3
TV-14,"Swift, Silent, Deadly",\/shows\/ncis-new-orleans\/season-3\/episode-17\/swift-silent-deadly,2488.4527,episode,https:\/\/i.cdn.tntdrama.com\/assets\/images\/2017\/12\/NCIS-NewOrleans-900x360_0.png,2143915,2144004,en,US,2020-04-17T08:00:00+00:00,2020-04-24T07:59:59+00:00,TNTDRAMA,TVE,http:\/\/www.tntdrama.com\/shows\/ncis-new-orleans\/season-3\/episode-17\/swift-silent-deadly,NCIS: New Orleans,http:\/\/www.tntdrama.com\/shows\/ncis-new-orleans,17,3
TV-14,Slay the Dragon,\/shows\/ncis-new-orleans\/season-3\/episode-18\/slay-the-dragon,2524.8557,episode,https:\/\/i.cdn.tntdrama.com\/assets\/images\/2017\/12\/NCIS-NewOrleans-900x360_0.png,2143915,2144005,en,US,2020-04-17T08:00:00+00:00,2020-04-24T07:59:59+00:00,TNTDRAMA,TVE,http:\/\/www.tntdrama.com\/shows\/ncis-new-orleans\/season-3\/episode-18\/slay-the-dragon,NCIS: New Orleans,http:\/\/www.tntdrama.com\/shows\/ncis-new-orleans,18,3
TV-14,Quid Pro Quo,\/shows\/ncis-new-orleans\/season-3\/episode-19\/quid-pro-quo,2433.9315,episode,https:\/\/i.cdn.tntdrama.com\/assets\/images\/2017\/12\/NCIS-NewOrleans-900x360_0.png,2143915,2144006,en,US,2020-04-17T08:00:00+00:00,2020-04-24T07:59:59+00:00,TNTDRAMA,TVE,http:\/\/www.tntdrama.com\/shows\/ncis-new-orleans\/season-3\/episode-19\/quid-pro-quo,NCIS: New Orleans,http:\/\/www.tntdrama.com\/shows\/ncis-new-orleans,19,3
TV-14,Nola Confidential,\/shows\/ncis-new-orleans\/season-3\/episode-20\/nola-confidential,2524.9891,episode,https:\/\/i.cdn.tntdrama.com\/assets\/images\/2017\/12\/NCIS-NewOrleans-900x360_0.png,2143915,2144007,en,US,2020-04-17T08:00:00+00:00,2020-04-24T07:59:59+00:00,TNTDRAMA,TVE,http:\/\/www.tntdrama.com\/shows\/ncis-new-orleans\/season-3\/episode-20\/nola-confidential,NCIS: New Orleans,http:\/\/www.tntdrama.com\/shows\/ncis-new-orleans,20,3
TV-14,Ask Jeeves,\/shows\/supernatural\/season-10\/episode-6\/ask-jeeves,2524.2884,episode,https:\/\/i.cdn.tntdrama.com\/assets\/images\/2017\/03\/Supernatural-900x360.png,697063,2044043,en,US,2020-04-13T22:00:00+00:00,2020-04-20T21:59:00+00:00,TNTDRAMA,TVE,http:\/\/www.tntdrama.com\/shows\/supernatural\/season-10\/episode-6\/ask-jeeves,Supernatural,http:\/\/www.tntdrama.com\/shows\/supernatural,6,10
TV-14,"Girls, Girls, Girls",\/shows\/supernatural\/season-10\/episode-7\/girls-girls-girls,2525.2561,episode,https:\/\/i.cdn.tntdrama.com\/assets\/images\/2017\/03\/Supernatural-900x360.png,697063,2044044,en,US,2020-04-13T23:00:00+00:00,2020-04-20T22:59:00+00:00,TNTDRAMA,TVE,http:\/\/www.tntdrama.com\/shows\/supernatural\/season-10\/episode-7\/girls-girls-girls,Supernatural,http:\/\/www.tntdrama.com\/shows\/supernatural,7,10
TV-14,Hibbing 911,\/shows\/supernatural\/season-10\/episode-8\/hibbing-911,2522.1863,episode,https:\/\/i.cdn.tntdrama.com\/assets\/images\/2017\/03\/Supernatural-900x360.png,697063,2044045,en,US,2020-04-14T00:00:00+00:00,2020-04-20T23:59:00+00:00,TNTDRAMA,TVE,http:\/\/www.tntdrama.com\/shows\/supernatural\/season-10\/episode-8\/hibbing-911,Supernatural,http:\/\/www.tntdrama.com\/shows\/supernatural,8,10
TV-14,There's No Place Like Home,\/shows\/supernatural\/season-10\/episode-11\/theres-no-place-like-home,2523.0538,episode,https:\/\/i.cdn.tntdrama.com\/assets\/images\/2017\/03\/Supernatural-900x360.png,697063,2044048,en,US,2020-04-14T22:00:00+00:00,2020-04-21T21:59:00+00:00,TNTDRAMA,TVE,http:\/\/www.tntdrama.com\/shows\/supernatural\/season-10\/episode-11\/theres-no-place-like-home,Supernatural,http:\/\/www.tntdrama.com\/shows\/supernatural,11,10
TV-14,About a Boy,\/shows\/supernatural\/season-10\/episode-12\/about-a-boy,2420.7516,episode,https:\/\/i.cdn.tntdrama.com\/assets\/images\/2017\/03\/Supernatural-900x360.png,697063,2044049,en,US,2020-04-14T23:00:00+00:00,2020-04-21T22:59:00+00:00,TNTDRAMA,TVE,http:\/\/www.tntdrama.com\/shows\/supernatural\/season-10\/episode-12\/about-a-boy,Supernatural,http:\/\/www.tntdrama.com\/shows\/supernatural,12,10
TV-14,Halt & Catch Fire,\/shows\/supernatural\/season-10\/episode-13\/halt-catch-fire,2477.108,episode,https:\/\/i.cdn.tntdrama.com\/assets\/images\/2017\/03\/Supernatural-900x360.png,697063,2044050,en,US,2020-04-15T00:00:00+00:00,2020-04-21T23:59:00+00:00,TNTDRAMA,TVE,http:\/\/www.tntdrama.com\/shows\/supernatural\/season-10\/episode-13\/halt-catch-fire,Supernatural,http:\/\/www.tntdrama.com\/shows\/supernatural,13,10
TV-14,The Executioner's Song,\/shows\/supernatural\/season-10\/episode-14\/the-executioners-song,2521.6191,episode,https:\/\/i.cdn.tntdrama.com\/assets\/images\/2017\/03\/Supernatural-900x360.png,697063,2044051,en,US,2020-04-15T01:00:00+00:00,2020-04-22T00:59:00+00:00,TNTDRAMA,TVE,http:\/\/www.tntdrama.com\/shows\/supernatural\/season-10\/episode-14\/the-executioners-song,Supernatural,http:\/\/www.tntdrama.com\/shows\/supernatural,14,10
TV-14,The Werther Project,\/shows\/supernatural\/season-10\/episode-19\/the-werther-project,2524.4552,episode,https:\/\/i.cdn.tntdrama.com\/assets\/images\/2017\/03\/Supernatural-900x360.png,697063,2044056,en,US,2020-04-16T22:00:00+00:00,2020-04-23T21:59:00+00:00,TNTDRAMA,TVE,http:\/\/www.tntdrama.com\/shows\/supernatural\/season-10\/episode-19\/the-werther-project,Supernatural,http:\/\/www.tntdrama.com\/shows\/supernatural,19,10
TV-14,Angel Heart,\/shows\/supernatural\/season-10\/episode-20\/angel-heart,2520.8183,episode,https:\/\/i.cdn.tntdrama.com\/assets\/images\/2017\/03\/Supernatural-900x360.png,697063,2044057,en,US,2020-04-16T23:00:00+00:00,2020-04-23T22:59:00+00:00,TNTDRAMA,TVE,http:\/\/www.tntdrama.com\/shows\/supernatural\/season-10\/episode-20\/angel-heart,Supernatural,http:\/\/www.tntdrama.com\/shows\/supernatural,20,10
TV-14,Dark Dynasty,\/shows\/supernatural\/season-10\/episode-21\/dark-dynasty,2522.0196,episode,https:\/\/i.cdn.tntdrama.com\/assets\/images\/2017\/03\/Supernatural-900x360.png,697063,2044058,en,US,2020-04-17T00:00:00+00:00,2020-04-23T23:59:00+00:00,TNTDRAMA,TVE,http:\/\/www.tntdrama.com\/shows\/supernatural\/season-10\/episode-21\/dark-dynasty,Supernatural,http:\/\/www.tntdrama.com\/shows\/supernatural,21,10
TV-14,Air Drop,\/shows\/the-last-ship\/season-5\/episode-6\/air-drop,2522.7536,episode,https:\/\/i.cdn.tntdrama.com\/assets\/images\/2018\/08\/LastShip-Logo-900x360.png,965438,2100565,en,US,2020-04-14T08:00:00+00:00,2020-04-21T07:59:59+00:00,TNTDRAMA,TVE,http:\/\/www.tntdrama.com\/shows\/the-last-ship\/season-5\/episode-6\/air-drop,The Last Ship,http:\/\/www.tntdrama.com\/shows\/the-last-ship,6,5
TV-14,Somos la Sangre,\/shows\/the-last-ship\/season-5\/episode-7\/somos-la-sangre,2522.0528,episode,https:\/\/i.cdn.tntdrama.com\/assets\/images\/2018\/08\/LastShip-Logo-900x360.png,965438,2100566,en,US,2020-04-14T08:00:00+00:00,2020-04-21T07:59:59+00:00,TNTDRAMA,TVE,http:\/\/www.tntdrama.com\/shows\/the-last-ship\/season-5\/episode-7\/somos-la-sangre,The Last Ship,http:\/\/www.tntdrama.com\/shows\/the-last-ship,7,5
TV-14,Honor,\/shows\/the-last-ship\/season-5\/episode-8\/honor,2583.214,episode,https:\/\/i.cdn.tntdrama.com\/assets\/images\/2018\/08\/LastShip-Logo-900x360.png,965438,2100567,en,US,2020-04-14T08:00:00+00:00,2020-04-21T07:59:59+00:00,TNTDRAMA,TVE,http:\/\/www.tntdrama.com\/shows\/the-last-ship\/season-5\/episode-8\/honor,The Last Ship,http:\/\/www.tntdrama.com\/shows\/the-last-ship,8,5
TV-14,Courage,\/shows\/the-last-ship\/season-5\/episode-9\/courage,2524.9891,episode,https:\/\/i.cdn.tntdrama.com\/assets\/images\/2018\/08\/LastShip-Logo-900x360.png,965438,2100568,en,US,2020-04-14T08:00:00+00:00,2020-04-21T07:59:59+00:00,TNTDRAMA,TVE,http:\/\/www.tntdrama.com\/shows\/the-last-ship\/season-5\/episode-9\/courage,The Last Ship,http:\/\/www.tntdrama.com\/shows\/the-last-ship,9,5
TV-14,Commitment,\/shows\/the-last-ship\/season-5\/episode-10\/commitment,2614.0447,episode,https:\/\/i.cdn.tntdrama.com\/assets\/images\/2018\/08\/LastShip-Logo-900x360.png,965438,2100569,en,US,2020-04-14T08:00:00+00:00,2020-04-21T07:59:59+00:00,TNTDRAMA,TVE,http:\/\/www.tntdrama.com\/shows\/the-last-ship\/season-5\/episode-10\/commitment,The Last Ship,http:\/\/www.tntdrama.com\/shows\/the-last-ship,10,5
TV-14,Baltimore Rising,\/shows\/american-race\/season-1\/episode-1\/baltimore-rising,2485.7166,episode,https:\/\/i.cdn.tntdrama.com\/assets\/images\/2018\/06\/TNT-Originals-AmericanRace_900x360.png,2099118,2099119,en,US,2020-04-02T08:00:00+00:00,2020-12-31T09:59:59+00:00,TNTDRAMA,TVE,http:\/\/www.tntdrama.com\/shows\/american-race\/season-1\/episode-1\/baltimore-rising,American Race,http:\/\/www.tntdrama.com\/shows\/american-race,1,1
TV-14,Muslim Is the New Black,\/shows\/american-race\/season-1\/episode-2\/muslim-is-the-new-black,2484.7822,episode,https:\/\/i.cdn.tntdrama.com\/assets\/images\/2018\/06\/TNT-Originals-AmericanRace_900x360.png,2099118,2099120,en,US,2020-04-02T08:00:00+00:00,2020-12-31T09:59:59+00:00,TNTDRAMA,TVE,http:\/\/www.tntdrama.com\/shows\/american-race\/season-1\/episode-2\/muslim-is-the-new-black,American Race,http:\/\/www.tntdrama.com\/shows\/american-race,2,1
TV-14,Entertainment Still So White,\/shows\/american-race\/season-1\/episode-3\/entertainment-still-so-white,2494.6589,episode,https:\/\/i.cdn.tntdrama.com\/assets\/images\/2018\/06\/TNT-Originals-AmericanRace_900x360.png,2099118,2099121,en,US,2020-04-02T08:00:00+00:00,2020-12-31T09:59:59+00:00,TNTDRAMA,TVE,http:\/\/www.tntdrama.com\/shows\/american-race\/season-1\/episode-3\/entertainment-still-so-white,American Race,http:\/\/www.tntdrama.com\/shows\/american-race,3,1
TV-14,The Divided States of America,\/shows\/american-race\/season-1\/episode-4\/the-divided-states-of-america,2494.2586,episode,https:\/\/i.cdn.tntdrama.com\/assets\/images\/2018\/06\/TNT-Originals-AmericanRace_900x360.png,2099118,2099122,en,US,2020-04-02T08:00:00+00:00,2020-12-31T09:59:59+00:00,TNTDRAMA,TVE,http:\/\/www.tntdrama.com\/shows\/american-race\/season-1\/episode-4\/the-divided-states-of-america,American Race,http:\/\/www.tntdrama.com\/shows\/american-race,4,1
TV-14,The Promise in the Palace,\/shows\/bones\/season-11\/episode-7\/the-promise-in-the-palace,2523.0538,episode,https:\/\/i.cdn.tntdrama.com\/assets\/images\/2017\/03\/Bones-logo-900x360_0.png,700029,2075024,en,US,2020-04-17T08:00:00+00:00,2020-04-24T07:59:59+00:00,TNTDRAMA,TVE,http:\/\/www.tntdrama.com\/shows\/bones\/season-11\/episode-7\/the-promise-in-the-palace,Bones,http:\/\/www.tntdrama.com\/shows\/bones,7,11
TV-14,High Treason in the Holiday Season,\/shows\/bones\/season-11\/episode-8\/high-treason-in-the-holiday-season,2523.9881,episode,https:\/\/i.cdn.tntdrama.com\/assets\/images\/2017\/03\/Bones-logo-900x360_0.png,700029,2075512,en,US,2020-04-17T08:00:00+00:00,2020-04-24T07:59:59+00:00,TNTDRAMA,TVE,http:\/\/www.tntdrama.com\/shows\/bones\/season-11\/episode-8\/high-treason-in-the-holiday-season,Bones,http:\/\/www.tntdrama.com\/shows\/bones,8,11
TV-14,The Cowboy in the Contest,\/shows\/bones\/season-11\/episode-9\/the-cowboy-in-the-contest,2524.522,episode,https:\/\/i.cdn.tntdrama.com\/assets\/images\/2017\/03\/Bones-logo-900x360_0.png,700029,2080293,en,US,2020-04-17T08:00:00+00:00,2020-04-24T07:59:59+00:00,TNTDRAMA,TVE,http:\/\/www.tntdrama.com\/shows\/bones\/season-11\/episode-9\/the-cowboy-in-the-contest,Bones,http:\/\/www.tntdrama.com\/shows\/bones,9,11
TV-14,The Doom in the Boom,\/shows\/bones\/season-11\/episode-10\/the-doom-in-the-boom,2524.9892,episode,https:\/\/i.cdn.tntdrama.com\/assets\/images\/2017\/03\/Bones-logo-900x360_0.png,700029,2080294,en,US,2020-04-17T08:00:00+00:00,2020-04-24T07:59:59+00:00,TNTDRAMA,TVE,http:\/\/www.tntdrama.com\/shows\/bones\/season-11\/episode-10\/the-doom-in-the-boom,Bones,http:\/\/www.tntdrama.com\/shows\/bones,10,11
TV-14,The Death in the Defense,\/shows\/bones\/season-11\/episode-11\/the-death-in-the-defense,2524.889,episode,https:\/\/i.cdn.tntdrama.com\/assets\/images\/2017\/03\/Bones-logo-900x360_0.png,700029,2089065,en,US,2020-04-17T08:00:00+00:00,2020-04-24T07:59:59+00:00,TNTDRAMA,TVE,http:\/\/www.tntdrama.com\/shows\/bones\/season-11\/episode-11\/the-death-in-the-defense,Bones,http:\/\/www.tntdrama.com\/shows\/bones,11,11
TV-14,The Murder of the Meninist,\/shows\/bones\/season-11\/episode-12\/the-murder-of-the-meninist,2524.6889,episode,https:\/\/i.cdn.tntdrama.com\/assets\/images\/2017\/03\/Bones-logo-900x360_0.png,700029,2089066,en,US,2020-04-17T08:00:00+00:00,2020-04-24T07:59:59+00:00,TNTDRAMA,TVE,http:\/\/www.tntdrama.com\/shows\/bones\/season-11\/episode-12\/the-murder-of-the-meninist,Bones,http:\/\/www.tntdrama.com\/shows\/bones,12,11
TV-14,The Monster in the Closet,\/shows\/bones\/season-11\/episode-13\/the-monster-in-the-closet,2524.3218,episode,https:\/\/i.cdn.tntdrama.com\/assets\/images\/2017\/03\/Bones-logo-900x360_0.png,700029,2089067,en,US,2020-04-17T08:00:00+00:00,2020-04-24T07:59:59+00:00,TNTDRAMA,TVE,http:\/\/www.tntdrama.com\/shows\/bones\/season-11\/episode-13\/the-monster-in-the-closet,Bones,http:\/\/www.tntdrama.com\/shows\/bones,13,11
TV-14,The Last Shot at a Second Chance,\/shows\/bones\/season-11\/episode-14\/the-last-shot-at-a-second-chance,2521.519,episode,https:\/\/i.cdn.tntdrama.com\/assets\/images\/2017\/03\/Bones-logo-900x360_0.png,700029,2089068,en,US,2020-04-17T08:00:00+00:00,2020-04-24T07:59:59+00:00,TNTDRAMA,TVE,http:\/\/www.tntdrama.com\/shows\/bones\/season-11\/episode-14\/the-last-shot-at-a-second-chance,Bones,http:\/\/www.tntdrama.com\/shows\/bones,14,11
TV-14,The Fight in the Fixer,\/shows\/bones\/season-11\/episode-15\/the-fight-in-the-fixer,2524.8222,episode,https:\/\/i.cdn.tntdrama.com\/assets\/images\/2017\/03\/Bones-logo-900x360_0.png,700029,2089445,en,US,2020-04-17T08:00:00+00:00,2020-04-24T07:59:59+00:00,TNTDRAMA,TVE,http:\/\/www.tntdrama.com\/shows\/bones\/season-11\/episode-15\/the-fight-in-the-fixer,Bones,http:\/\/www.tntdrama.com\/shows\/bones,15,11
TV-14,The Strike in the Chord,\/shows\/bones\/season-11\/episode-16\/the-strike-in-the-chord,2522.6535,episode,https:\/\/i.cdn.tntdrama.com\/assets\/images\/2017\/03\/Bones-logo-900x360_0.png,700029,2089446,en,US,2020-04-17T08:00:00+00:00,2020-04-24T07:59:59+00:00,TNTDRAMA,TVE,http:\/\/www.tntdrama.com\/shows\/bones\/season-11\/episode-16\/the-strike-in-the-chord,Bones,http:\/\/www.tntdrama.com\/shows\/bones,16,11
TV-MA,The Heart Attack Is the Best Way (Uncut),\/shows\/good-behavior\/season-2\/episode-1\/the-heart-attack-is-the-best-way-uncut,2986.9839,episode,https:\/\/i.cdn.tntdrama.com\/assets\/images\/2018\/06\/TNT-Originals-Good-Behavoir_900x360.png,2075139,2114024,en,US,2020-04-17T08:00:00+00:00,2020-04-24T07:59:59+00:00,TNTDRAMA,TVE,http:\/\/www.tntdrama.com\/shows\/good-behavior\/season-2\/episode-1\/the-heart-attack-is-the-best-way-uncut,Good Behavior,http:\/\/www.tntdrama.com\/shows\/good-behavior,1,2
TV-MA,I Want You to Leave a Person Alive for Once (Uncut),\/shows\/good-behavior\/season-2\/episode-2\/i-want-you-to-leave-a-person-alive-for-once-uncut,2790.521,episode,https:\/\/i.cdn.tntdrama.com\/assets\/images\/2018\/06\/TNT-Originals-Good-Behavoir_900x360.png,2075139,2114025,en,US,2020-04-17T08:00:00+00:00,2020-04-24T07:59:59+00:00,TNTDRAMA,TVE,http:\/\/www.tntdrama.com\/shows\/good-behavior\/season-2\/episode-2\/i-want-you-to-leave-a-person-alive-for-once-uncut,Good Behavior,http:\/\/www.tntdrama.com\/shows\/good-behavior,2,2
TV-MA,Because I'm Mrs. Claus (Uncut),\/shows\/good-behavior\/season-2\/episode-3\/because-im-mrs-claus-uncut,3012.1091,episode,https:\/\/i.cdn.tntdrama.com\/assets\/images\/2018\/06\/TNT-Originals-Good-Behavoir_900x360.png,2075139,2114026,en,US,2020-04-17T08:00:00+00:00,2020-04-24T07:59:59+00:00,TNTDRAMA,TVE,http:\/\/www.tntdrama.com\/shows\/good-behavior\/season-2\/episode-3\/because-im-mrs-claus-uncut,Good Behavior,http:\/\/www.tntdrama.com\/shows\/good-behavior,3,2
TV-MA,I Think It's a Sign (Uncut),\/shows\/good-behavior\/season-2\/episode-4\/i-think-its-a-sign-uncut,2949.5132,episode,https:\/\/i.cdn.tntdrama.com\/assets\/images\/2018\/06\/TNT-Originals-Good-Behavoir_900x360.png,2075139,2114027,en,US,2020-04-17T08:00:00+00:00,2020-04-24T07:59:59+00:00,TNTDRAMA,TVE,http:\/\/www.tntdrama.com\/shows\/good-behavior\/season-2\/episode-4\/i-think-its-a-sign-uncut,Good Behavior,http:\/\/www.tntdrama.com\/shows\/good-behavior,4,2
TV-MA,You Could Discover Me (Uncut),\/shows\/good-behavior\/season-2\/episode-5\/you-could-discover-me-uncut,2923.3872,episode,https:\/\/i.cdn.tntdrama.com\/assets\/images\/2018\/06\/TNT-Originals-Good-Behavoir_900x360.png,2075139,2114028,en,US,2020-04-17T08:00:00+00:00,2020-04-24T07:59:59+00:00,TNTDRAMA,TVE,http:\/\/www.tntdrama.com\/shows\/good-behavior\/season-2\/episode-5\/you-could-discover-me-uncut,Good Behavior,http:\/\/www.tntdrama.com\/shows\/good-behavior,5,2
TV-PG,"Oh My Goddess, Part 2",\/shows\/charmed\/season-5\/episode-23\/oh-my-goddess-part-2,2524.5887,episode,https:\/\/i.cdn.tntdrama.com\/assets\/images\/2017\/03\/Charmed-logo-900x360.png,343094,444352,en,US,2020-04-13T09:00:00+00:00,2020-04-21T07:59:59+00:00,TNTDRAMA,TVE,http:\/\/www.tntdrama.com\/shows\/charmed\/season-5\/episode-23\/oh-my-goddess-part-2,Charmed,http:\/\/www.tntdrama.com\/shows\/charmed,23,5
TV-PG,Used Karma,\/shows\/charmed\/season-6\/episode-13\/used-karma,2505.4696,episode,https:\/\/i.cdn.tntdrama.com\/assets\/images\/2017\/03\/Charmed-logo-900x360.png,343094,450348,en,US,2020-04-15T14:00:00+00:00,2020-04-23T07:59:59+00:00,TNTDRAMA,TVE,http:\/\/www.tntdrama.com\/shows\/charmed\/season-6\/episode-13\/used-karma,Charmed,http:\/\/www.tntdrama.com\/shows\/charmed,13,6
TV-PG,The Legend of Sleepy Halliwell,\/shows\/charmed\/season-6\/episode-14\/the-legend-of-sleepy-halliwell,2488.7864,episode,https:\/\/i.cdn.tntdrama.com\/assets\/images\/2017\/03\/Charmed-logo-900x360.png,343094,539906,en,US,2020-04-15T15:00:00+00:00,2020-04-23T07:59:59+00:00,TNTDRAMA,TVE,http:\/\/www.tntdrama.com\/shows\/charmed\/season-6\/episode-14\/the-legend-of-sleepy-halliwell,Charmed,http:\/\/www.tntdrama.com\/shows\/charmed,14,6
TV-PG,I Dream of Phoebe,\/shows\/charmed\/season-6\/episode-15\/i-dream-of-phoebe,2518.6827,episode,https:\/\/i.cdn.tntdrama.com\/assets\/images\/2017\/03\/Charmed-logo-900x360.png,343094,539907,en,US,2020-04-15T16:00:00+00:00,2020-04-23T07:59:59+00:00,TNTDRAMA,TVE,http:\/\/www.tntdrama.com\/shows\/charmed\/season-6\/episode-15\/i-dream-of-phoebe,Charmed,http:\/\/www.tntdrama.com\/shows\/charmed,15,6
TV-PG,Hyde School Reunion,\/shows\/charmed\/season-6\/episode-17\/hyde-school-reunion,2515.513,episode,https:\/\/i.cdn.tntdrama.com\/assets\/images\/2017\/03\/Charmed-logo-900x360.png,343094,541431,en,US,2020-04-16T14:00:00+00:00,2020-04-24T07:59:59+00:00,TNTDRAMA,TVE,http:\/\/www.tntdrama.com\/shows\/charmed\/season-6\/episode-17\/hyde-school-reunion,Charmed,http:\/\/www.tntdrama.com\/shows\/charmed,17,6
TV-PG,Spin City,\/shows\/charmed\/season-6\/episode-18\/spin-city,2501.2655,episode,https:\/\/i.cdn.tntdrama.com\/assets\/images\/2017\/03\/Charmed-logo-900x360.png,343094,541432,en,US,2020-04-16T15:00:00+00:00,2020-04-24T07:59:59+00:00,TNTDRAMA,TVE,http:\/\/www.tntdrama.com\/shows\/charmed\/season-6\/episode-18\/spin-city,Charmed,http:\/\/www.tntdrama.com\/shows\/charmed,18,6
TV-14,Crimes and Witch-Demeanors,\/shows\/charmed\/season-6\/episode-19\/crimes-and-witch-demeanors,2502.2664,episode,https:\/\/i.cdn.tntdrama.com\/assets\/images\/2017\/03\/Charmed-logo-900x360.png,343094,541433,en,US,2020-04-16T16:00:00+00:00,2020-04-24T07:59:59+00:00,TNTDRAMA,TVE,http:\/\/www.tntdrama.com\/shows\/charmed\/season-6\/episode-19\/crimes-and-witch-demeanors,Charmed,http:\/\/www.tntdrama.com\/shows\/charmed,19,6
TV-PG,Witch Wars,\/shows\/charmed\/season-6\/episode-21\/witch-wars,2498.0623,episode,https:\/\/i.cdn.tntdrama.com\/assets\/images\/2017\/03\/Charmed-logo-900x360.png,343094,541807,en,US,2020-04-17T14:00:00+00:00,2020-04-25T07:59:59+00:00,TNTDRAMA,TVE,http:\/\/www.tntdrama.com\/shows\/charmed\/season-6\/episode-21\/witch-wars,Charmed,http:\/\/www.tntdrama.com\/shows\/charmed,21,6
TV-14,"It's a Bad, Bad, Bad, Bad World, Part 1",\/shows\/charmed\/season-6\/episode-22\/its-a-bad-bad-bad-bad-world-part-1,2496.3939,episode,https:\/\/i.cdn.tntdrama.com\/assets\/images\/2017\/03\/Charmed-logo-900x360.png,343094,544006,en,US,2020-04-17T15:00:00+00:00,2020-04-25T07:59:59+00:00,TNTDRAMA,TVE,http:\/\/www.tntdrama.com\/shows\/charmed\/season-6\/episode-22\/its-a-bad-bad-bad-bad-world-part-1,Charmed,http:\/\/www.tntdrama.com\/shows\/charmed,22,6
TV-14,"It's a Bad, Bad, Bad, Bad World, Part 2",\/shows\/charmed\/season-6\/episode-23\/its-a-bad-bad-bad-bad-world-part-2,2520.2178,episode,https:\/\/i.cdn.tntdrama.com\/assets\/images\/2017\/03\/Charmed-logo-900x360.png,343094,544007,en,US,2020-04-17T16:00:00+00:00,2020-04-25T07:59:59+00:00,TNTDRAMA,TVE,http:\/\/www.tntdrama.com\/shows\/charmed\/season-6\/episode-23\/its-a-bad-bad-bad-bad-world-part-2,Charmed,http:\/\/www.tntdrama.com\/shows\/charmed,23,6
TV-PG,A Call To Arms,\/shows\/charmed\/season-7\/episode-1\/a-call-to-arms,2510.141,episode,https:\/\/i.cdn.tntdrama.com\/assets\/images\/2017\/03\/Charmed-logo-900x360.png,343094,580647,en,US,2020-04-17T17:00:00+00:00,2020-04-25T07:59:59+00:00,TNTDRAMA,TVE,http:\/\/www.tntdrama.com\/shows\/charmed\/season-7\/episode-1\/a-call-to-arms,Charmed,http:\/\/www.tntdrama.com\/shows\/charmed,1,7
TV-PG,"Oh My Goddess, Part 2",\/shows\/charmed\/season-5\/episode-23\/oh-my-goddess-part-2,2524.5887,episode,https:\/\/i.cdn.tntdrama.com\/assets\/images\/2017\/03\/Charmed-logo-900x360.png,343094,444352,en,US,2020-04-13T09:00:00+00:00,2020-04-21T07:59:59+00:00,TNTDRAMA,TVE,http:\/\/www.tntdrama.com\/shows\/charmed\/season-5\/episode-23\/oh-my-goddess-part-2,Charmed,http:\/\/www.tntdrama.com\/shows\/charmed,23,5
TV-PG,Used Karma,\/shows\/charmed\/season-6\/episode-13\/used-karma,2505.4696,episode,https:\/\/i.cdn.tntdrama.com\/assets\/images\/2017\/03\/Charmed-logo-900x360.png,343094,450348,en,US,2020-04-15T14:00:00+00:00,2020-04-23T07:59:59+00:00,TNTDRAMA,TVE,http:\/\/www.tntdrama.com\/shows\/charmed\/season-6\/episode-13\/used-karma,Charmed,http:\/\/www.tntdrama.com\/shows\/charmed,13,6
TV-PG,The Legend of Sleepy Halliwell,\/shows\/charmed\/season-6\/episode-14\/the-legend-of-sleepy-halliwell,2488.7864,episode,https:\/\/i.cdn.tntdrama.com\/assets\/images\/2017\/03\/Charmed-logo-900x360.png,343094,539906,en,US,2020-04-15T15:00:00+00:00,2020-04-23T07:59:59+00:00,TNTDRAMA,TVE,http:\/\/www.tntdrama.com\/shows\/charmed\/season-6\/episode-14\/the-legend-of-sleepy-halliwell,Charmed,http:\/\/www.tntdrama.com\/shows\/charmed,14,6
TV-PG,I Dream of Phoebe,\/shows\/charmed\/season-6\/episode-15\/i-dream-of-phoebe,2518.6827,episode,https:\/\/i.cdn.tntdrama.com\/assets\/images\/2017\/03\/Charmed-logo-900x360.png,343094,539907,en,US,2020-04-15T16:00:00+00:00,2020-04-23T07:59:59+00:00,TNTDRAMA,TVE,http:\/\/www.tntdrama.com\/shows\/charmed\/season-6\/episode-15\/i-dream-of-phoebe,Charmed,http:\/\/www.tntdrama.com\/shows\/charmed,15,6
TV-PG,Hyde School Reunion,\/shows\/charmed\/season-6\/episode-17\/hyde-school-reunion,2515.513,episode,https:\/\/i.cdn.tntdrama.com\/assets\/images\/2017\/03\/Charmed-logo-900x360.png,343094,541431,en,US,2020-04-16T14:00:00+00:00,2020-04-24T07:59:59+00:00,TNTDRAMA,TVE,http:\/\/www.tntdrama.com\/shows\/charmed\/season-6\/episode-17\/hyde-school-reunion,Charmed,http:\/\/www.tntdrama.com\/shows\/charmed,17,6
TV-PG,Spin City,\/shows\/charmed\/season-6\/episode-18\/spin-city,2501.2655,episode,https:\/\/i.cdn.tntdrama.com\/assets\/images\/2017\/03\/Charmed-logo-900x360.png,343094,541432,en,US,2020-04-16T15:00:00+00:00,2020-04-24T07:59:59+00:00,TNTDRAMA,TVE,http:\/\/www.tntdrama.com\/shows\/charmed\/season-6\/episode-18\/spin-city,Charmed,http:\/\/www.tntdrama.com\/shows\/charmed,18,6
TV-14,Crimes and Witch-Demeanors,\/shows\/charmed\/season-6\/episode-19\/crimes-and-witch-demeanors,2502.2664,episode,https:\/\/i.cdn.tntdrama.com\/assets\/images\/2017\/03\/Charmed-logo-900x360.png,343094,541433,en,US,2020-04-16T16:00:00+00:00,2020-04-24T07:59:59+00:00,TNTDRAMA,TVE,http:\/\/www.tntdrama.com\/shows\/charmed\/season-6\/episode-19\/crimes-and-witch-demeanors,Charmed,http:\/\/www.tntdrama.com\/shows\/charmed,19,6
TV-PG,Witch Wars,\/shows\/charmed\/season-6\/episode-21\/witch-wars,2498.0623,episode,https:\/\/i.cdn.tntdrama.com\/assets\/images\/2017\/03\/Charmed-logo-900x360.png,343094,541807,en,US,2020-04-17T14:00:00+00:00,2020-04-25T07:59:59+00:00,TNTDRAMA,TVE,http:\/\/www.tntdrama.com\/shows\/charmed\/season-6\/episode-21\/witch-wars,Charmed,http:\/\/www.tntdrama.com\/shows\/charmed,21,6
TV-14,"It's a Bad, Bad, Bad, Bad World, Part 1",\/shows\/charmed\/season-6\/episode-22\/its-a-bad-bad-bad-bad-world-part-1,2496.3939,episode,https:\/\/i.cdn.tntdrama.com\/assets\/images\/2017\/03\/Charmed-logo-900x360.png,343094,544006,en,US,2020-04-17T15:00:00+00:00,2020-04-25T07:59:59+00:00,TNTDRAMA,TVE,http:\/\/www.tntdrama.com\/shows\/charmed\/season-6\/episode-22\/its-a-bad-bad-bad-bad-world-part-1,Charmed,http:\/\/www.tntdrama.com\/shows\/charmed,22,6
TV-14,"It's a Bad, Bad, Bad, Bad World, Part 2",\/shows\/charmed\/season-6\/episode-23\/its-a-bad-bad-bad-bad-world-part-2,2520.2178,episode,https:\/\/i.cdn.tntdrama.com\/assets\/images\/2017\/03\/Charmed-logo-900x360.png,343094,544007,en,US,2020-04-17T16:00:00+00:00,2020-04-25T07:59:59+00:00,TNTDRAMA,TVE,http:\/\/www.tntdrama.com\/shows\/charmed\/season-6\/episode-23\/its-a-bad-bad-bad-bad-world-part-2,Charmed,http:\/\/www.tntdrama.com\/shows\/charmed,23,6
TV-PG,A Call To Arms,\/shows\/charmed\/season-7\/episode-1\/a-call-to-arms,2510.141,episode,https:\/\/i.cdn.tntdrama.com\/assets\/images\/2017\/03\/Charmed-logo-900x360.png,343094,580647,en,US,2020-04-17T17:00:00+00:00,2020-04-25T07:59:59+00:00,TNTDRAMA,TVE,http:\/\/www.tntdrama.com\/shows\/charmed\/season-7\/episode-1\/a-call-to-arms,Charmed,http:\/\/www.tntdrama.com\/shows\/charmed,1,7
TV-PG,"Oh My Goddess, Part 2",\/shows\/charmed\/season-5\/episode-23\/oh-my-goddess-part-2,2524.5887,episode,https:\/\/i.cdn.tntdrama.com\/assets\/images\/2017\/03\/Charmed-logo-900x360.png,343094,444352,en,US,2020-04-13T09:00:00+00:00,2020-04-21T07:59:59+00:00,TNTDRAMA,TVE,http:\/\/www.tntdrama.com\/shows\/charmed\/season-5\/episode-23\/oh-my-goddess-part-2,Charmed,http:\/\/www.tntdrama.com\/shows\/charmed,23,5
TV-PG,Used Karma,\/shows\/charmed\/season-6\/episode-13\/used-karma,2505.4696,episode,https:\/\/i.cdn.tntdrama.com\/assets\/images\/2017\/03\/Charmed-logo-900x360.png,343094,450348,en,US,2020-04-15T14:00:00+00:00,2020-04-23T07:59:59+00:00,TNTDRAMA,TVE,http:\/\/www.tntdrama.com\/shows\/charmed\/season-6\/episode-13\/used-karma,Charmed,http:\/\/www.tntdrama.com\/shows\/charmed,13,6
TV-PG,The Legend of Sleepy Halliwell,\/shows\/charmed\/season-6\/episode-14\/the-legend-of-sleepy-halliwell,2488.7864,episode,https:\/\/i.cdn.tntdrama.com\/assets\/images\/2017\/03\/Charmed-logo-900x360.png,343094,539906,en,US,2020-04-15T15:00:00+00:00,2020-04-23T07:59:59+00:00,TNTDRAMA,TVE,http:\/\/www.tntdrama.com\/shows\/charmed\/season-6\/episode-14\/the-legend-of-sleepy-halliwell,Charmed,http:\/\/www.tntdrama.com\/shows\/charmed,14,6
TV-PG,I Dream of Phoebe,\/shows\/charmed\/season-6\/episode-15\/i-dream-of-phoebe,2518.6827,episode,https:\/\/i.cdn.tntdrama.com\/assets\/images\/2017\/03\/Charmed-logo-900x360.png,343094,539907,en,US,2020-04-15T16:00:00+00:00,2020-04-23T07:59:59+00:00,TNTDRAMA,TVE,http:\/\/www.tntdrama.com\/shows\/charmed\/season-6\/episode-15\/i-dream-of-phoebe,Charmed,http:\/\/www.tntdrama.com\/shows\/charmed,15,6
TV-PG,Hyde School Reunion,\/shows\/charmed\/season-6\/episode-17\/hyde-school-reunion,2515.513,episode,https:\/\/i.cdn.tntdrama.com\/assets\/images\/2017\/03\/Charmed-logo-900x360.png,343094,541431,en,US,2020-04-16T14:00:00+00:00,2020-04-24T07:59:59+00:00,TNTDRAMA,TVE,http:\/\/www.tntdrama.com\/shows\/charmed\/season-6\/episode-17\/hyde-school-reunion,Charmed,http:\/\/www.tntdrama.com\/shows\/charmed,17,6
TV-PG,Spin City,\/shows\/charmed\/season-6\/episode-18\/spin-city,2501.2655,episode,https:\/\/i.cdn.tntdrama.com\/assets\/images\/2017\/03\/Charmed-logo-900x360.png,343094,541432,en,US,2020-04-16T15:00:00+00:00,2020-04-24T07:59:59+00:00,TNTDRAMA,TVE,http:\/\/www.tntdrama.com\/shows\/charmed\/season-6\/episode-18\/spin-city,Charmed,http:\/\/www.tntdrama.com\/shows\/charmed,18,6
TV-14,Crimes and Witch-Demeanors,\/shows\/charmed\/season-6\/episode-19\/crimes-and-witch-demeanors,2502.2664,episode,https:\/\/i.cdn.tntdrama.com\/assets\/images\/2017\/03\/Charmed-logo-900x360.png,343094,541433,en,US,2020-04-16T16:00:00+00:00,2020-04-24T07:59:59+00:00,TNTDRAMA,TVE,http:\/\/www.tntdrama.com\/shows\/charmed\/season-6\/episode-19\/crimes-and-witch-demeanors,Charmed,http:\/\/www.tntdrama.com\/shows\/charmed,19,6
TV-PG,Witch Wars,\/shows\/charmed\/season-6\/episode-21\/witch-wars,2498.0623,episode,https:\/\/i.cdn.tntdrama.com\/assets\/images\/2017\/03\/Charmed-logo-900x360.png,343094,541807,en,US,2020-04-17T14:00:00+00:00,2020-04-25T07:59:59+00:00,TNTDRAMA,TVE,http:\/\/www.tntdrama.com\/shows\/charmed\/season-6\/episode-21\/witch-wars,Charmed,http:\/\/www.tntdrama.com\/shows\/charmed,21,6
TV-14,"It's a Bad, Bad, Bad, Bad World, Part 1",\/shows\/charmed\/season-6\/episode-22\/its-a-bad-bad-bad-bad-world-part-1,2496.3939,episode,https:\/\/i.cdn.tntdrama.com\/assets\/images\/2017\/03\/Charmed-logo-900x360.png,343094,544006,en,US,2020-04-17T15:00:00+00:00,2020-04-25T07:59:59+00:00,TNTDRAMA,TVE,http:\/\/www.tntdrama.com\/shows\/charmed\/season-6\/episode-22\/its-a-bad-bad-bad-bad-world-part-1,Charmed,http:\/\/www.tntdrama.com\/shows\/charmed,22,6
TV-14,"It's a Bad, Bad, Bad, Bad World, Part 2",\/shows\/charmed\/season-6\/episode-23\/its-a-bad-bad-bad-bad-world-part-2,2520.2178,episode,https:\/\/i.cdn.tntdrama.com\/assets\/images\/2017\/03\/Charmed-logo-900x360.png,343094,544007,en,US,2020-04-17T16:00:00+00:00,2020-04-25T07:59:59+00:00,TNTDRAMA,TVE,http:\/\/www.tntdrama.com\/shows\/charmed\/season-6\/episode-23\/its-a-bad-bad-bad-bad-world-part-2,Charmed,http:\/\/www.tntdrama.com\/shows\/charmed,23,6
TV-PG,A Call To Arms,\/shows\/charmed\/season-7\/episode-1\/a-call-to-arms,2510.141,episode,https:\/\/i.cdn.tntdrama.com\/assets\/images\/2017\/03\/Charmed-logo-900x360.png,343094,580647,en,US,2020-04-17T17:00:00+00:00,2020-04-25T07:59:59+00:00,TNTDRAMA,TVE,http:\/\/www.tntdrama.com\/shows\/charmed\/season-7\/episode-1\/a-call-to-arms,Charmed,http:\/\/www.tntdrama.com\/shows\/charmed,1,7
TV-14,You Don't Know Shaq,\/shows\/shaq-life\/season-1\/episode-1\/you-dont-know-shaq,1268.1335,episode,https:\/\/i.cdn.tntdrama.com\/assets\/images\/2020\/04\/ShaqLife-Logo-900x360.png,2197152,2197153,en,US,2020-04-10T05:00:00+00:00,2020-06-05T07:59:59+00:00,TNTDRAMA,FREE,http:\/\/www.tntdrama.com\/shows\/shaq-life\/season-1\/episode-1\/you-dont-know-shaq,Shaq Life,http:\/\/www.tntdrama.com\/shaq-life,1,1
TV-14,Shaq of All Trades,\/shows\/shaq-life\/season-1\/episode-2\/shaq-of-all-trades,1268.167,episode,https:\/\/i.cdn.tntdrama.com\/assets\/images\/2020\/04\/ShaqLife-Logo-900x360.png,2197152,2197154,en,US,2020-04-10T05:30:00+00:00,2020-06-05T07:59:59+00:00,TNTDRAMA,TVE,http:\/\/www.tntdrama.com\/shows\/shaq-life\/season-1\/episode-2\/shaq-of-all-trades,Shaq Life,http:\/\/www.tntdrama.com\/shaq-life,2,1
TV-14,Shaq vs. Shaquille,\/shows\/shaq-life\/season-1\/episode-3\/shaq-vs-shaquille,1268.0334,episode,https:\/\/i.cdn.tntdrama.com\/assets\/images\/2020\/04\/ShaqLife-Logo-900x360.png,2197152,2197155,en,US,2020-04-17T05:00:00+00:00,2020-06-05T07:59:59+00:00,TNTDRAMA,TVE,http:\/\/www.tntdrama.com\/shows\/shaq-life\/season-1\/episode-3\/shaq-vs-shaquille,Shaq Life,http:\/\/www.tntdrama.com\/shaq-life,3,1
TV-14,Shaq Your Age,\/shows\/shaq-life\/season-1\/episode-4\/shaq-your-age,1268.1669,episode,https:\/\/i.cdn.tntdrama.com\/assets\/images\/2020\/04\/ShaqLife-Logo-900x360.png,2197152,2197156,en,US,2020-04-17T05:30:00+00:00,2020-06-05T07:59:59+00:00,TNTDRAMA,TVE,http:\/\/www.tntdrama.com\/shows\/shaq-life\/season-1\/episode-4\/shaq-your-age,Shaq Life,http:\/\/www.tntdrama.com\/shaq-life,4,1
TV-14,Shaq vs. Europe Part 1,\/shows\/shaq-life\/season-1\/episode-5\/shaq-vs-europe-part-1,1268.901,episode,https:\/\/i.cdn.tntdrama.com\/assets\/images\/2020\/04\/ShaqLife-Logo-900x360.png,2197152,2197157,en,US,2020-04-24T05:00:00+00:00,2020-06-05T07:59:59+00:00,TNTDRAMA,TVE,http:\/\/www.tntdrama.com\/shows\/shaq-life\/season-1\/episode-5\/shaq-vs-europe-part-1,Shaq Life,http:\/\/www.tntdrama.com\/shaq-life,5,1
TV-14,Shaq vs. Europe Part 2,\/shows\/shaq-life\/season-1\/episode-6\/shaq-vs-europe-part-2,1268.2336,episode,https:\/\/i.cdn.tntdrama.com\/assets\/images\/2020\/04\/ShaqLife-Logo-900x360.png,2197152,2197158,en,US,2020-04-24T05:30:00+00:00,2020-06-05T07:59:59+00:00,TNTDRAMA,TVE,http:\/\/www.tntdrama.com\/shows\/shaq-life\/season-1\/episode-6\/shaq-vs-europe-part-2,Shaq Life,http:\/\/www.tntdrama.com\/shaq-life,6,1
TV-14,Shaq Daddy,\/shows\/shaq-life\/season-1\/episode-7\/shaq-daddy,1268.267,episode,https:\/\/i.cdn.tntdrama.com\/assets\/images\/2020\/04\/ShaqLife-Logo-900x360.png,2197152,2197159,en,US,2020-05-01T05:00:00+00:00,2020-06-05T07:59:59+00:00,TNTDRAMA,TVE,http:\/\/www.tntdrama.com\/shows\/shaq-life\/season-1\/episode-7\/shaq-daddy,Shaq Life,http:\/\/www.tntdrama.com\/shaq-life,7,1
TV-14,Shaq's Shocking New Roommates,\/shows\/shaq-life\/season-1\/episode-8\/shaqs-shocking-new-roommates,1268.1002,episode,https:\/\/i.cdn.tntdrama.com\/assets\/images\/2020\/04\/ShaqLife-Logo-900x360.png,2197152,2197160,en,US,2020-05-01T05:30:00+00:00,2020-06-05T07:59:59+00:00,TNTDRAMA,TVE,http:\/\/www.tntdrama.com\/shows\/shaq-life\/season-1\/episode-8\/shaqs-shocking-new-roommates,Shaq Life,http:\/\/www.tntdrama.com\/shaq-life,8,1
